{"base_files_url": "https://raw.githubusercontent.com/zakk4223/ubiquitous-potato/05cb758e670cf04a6732673049438e23d3cea495/", "db_id": "n64_dev", "db_url": "https://raw.githubusercontent.com/zakk4223/ubiquitous-potato/db/db.json.zip", "files": {"_Console/N64_20240303.rbf": {"hash": "5446d3397ec59b17db2369566bb8617a", "size": 3819880, "tags": [11, 16, 17], "url": "https://github.com/RobertPeip/Mister64/releases/download/testbuild_2024_03_03/N64_20240303.rbf"}, "|games/N64/N64-database.txt": {"hash": "f31b285509c561bfc038f375a10eb775", "overwrite": true, "size": 87425, "tags": [17, 18, 19], "url": "https://raw.githubusercontent.com/MiSTer-devel/N64_ROM_Database/main/N64-database.txt"}}, "folders": {"_Console": {"tags": [11, 16]}, "|games": {"tags": [18]}, "|games/N64": {"tags": [17, 18]}}, "tag_dictionary": {"console": 11, "consolecores": 11, "cores": 16, "extrautilities": 19, "games": 18, "n64": 17}, "timestamp": 1709513748}